{
    "times": [
        13.443403160999878,
        12.051454107000609,
        12.463962494999578,
        14.654874919999202,
        15.359764254000766,
        15.176839900999767,
        14.866902380999818,
        14.609460363000835,
        12.828024727999946,
        12.628910903998985,
        13.945203860999754,
        23.269810588999462,
        12.989750479999202,
        12.785940905001553,
        14.590948545999709,
        13.319686013001046,
        14.274208435999753,
        13.899345889998585,
        14.185963555999479,
        14.361131934998411,
        15.36674743399999,
        14.818606669001383,
        13.347222460000921,
        18.495029495999916,
        12.715545830998963,
        13.415598315001262,
        14.52315426000132,
        14.723620446000496,
        12.996766363999996,
        14.78028415100016
    ],
    "costs": [
        2530.858848813716,
        2530.8589091943977,
        2530.858951863474,
        2530.858865054813,
        2530.8587926635187,
        2530.858762073409,
        2530.858985658809,
        2530.858803030099,
        2530.8587466441563,
        2530.8588155547914,
        2530.858956303198,
        2530.8588599732325,
        2530.8591194549394,
        2530.858888402727,
        2530.8588539563675,
        2530.858841519839,
        2530.8595903277273,
        2530.859000688074,
        2530.8588134670185,
        2530.8587817053494,
        2530.8588031168556,
        2530.8588264447553,
        2530.8590164567386,
        2167.4621069747395,
        2530.858855127026,
        2530.8588813775214,
        2298.749824350758,
        2298.750000928547,
        2530.8589456035647,
        2530.8590643449556
    ],
    "results_gens": [
        156,
        137,
        143,
        166,
        175,
        176,
        171,
        167,
        148,
        146,
        161,
        269,
        150,
        147,
        167,
        153,
        164,
        161,
        163,
        166,
        178,
        172,
        154,
        227,
        147,
        154,
        178,
        181,
        150,
        170
    ],
    "seeds": [
        2000,
        2001,
        2002,
        2003,
        2004,
        2005,
        2006,
        2007,
        2008,
        2009,
        2010,
        2011,
        2012,
        2013,
        2014,
        2015,
        2016,
        2017,
        2018,
        2019,
        2020,
        2021,
        2022,
        2023,
        2024,
        2025,
        2026,
        2027,
        2028,
        2029
    ]
}