{
    "times": [
        3.4188614129998314,
        4.801534992999223,
        5.419185452999955,
        3.8838954559996637,
        3.7170235520006827,
        4.7877789640006085,
        5.098211135000383,
        5.004837074999159,
        3.202018500000122,
        3.7362145879997115,
        3.5959463409999444,
        3.980706434998865,
        3.979243948000658,
        3.3696201330003532,
        4.319740079999974,
        3.7331779430005554,
        4.232964114000424,
        3.9655096989990852,
        3.908937619000426,
        4.646818938999786,
        3.504264069000783,
        3.743921130999297,
        4.545988511999894,
        3.444991342999856,
        4.083589112000482,
        5.57790801199917,
        3.3498998699997173,
        3.342605955000181,
        3.421383025000978,
        4.770249184999557
    ],
    "costs": [
        0.000775584318680135,
        0.0011291186748494753,
        0.00020008385731151772,
        0.0007734846622035511,
        0.00028625718258141266,
        0.0007449927485502183,
        0.00025189102556203574,
        0.0013312423254158707,
        0.0018476156316233918,
        0.00034468433143195273,
        0.0006444064933664779,
        0.0007253732098628012,
        0.0012910299079136082,
        0.0006812978129347133,
        0.00039566486397191706,
        0.0018431732494461736,
        0.0010961398478083288,
        0.0022403791438243784,
        0.0017563886016218487,
        0.0006085468477353227,
        0.002472854876512055,
        0.0011713452826743694,
        6.549454356505307e-05,
        0.0014621636830511138,
        0.00048608981913267503,
        0.0012859573191054846,
        0.0002824920184349053,
        0.0009031270123040011,
        0.0004056567705479958,
        0.003190363610619501
    ],
    "results_gens": [
        39,
        58,
        66,
        46,
        45,
        59,
        62,
        61,
        38,
        45,
        43,
        48,
        48,
        40,
        52,
        45,
        51,
        48,
        49,
        56,
        42,
        45,
        55,
        41,
        49,
        68,
        40,
        40,
        41,
        59
    ],
    "seeds": [
        2000,
        2001,
        2002,
        2003,
        2004,
        2005,
        2006,
        2007,
        2008,
        2009,
        2010,
        2011,
        2012,
        2013,
        2014,
        2015,
        2016,
        2017,
        2018,
        2019,
        2020,
        2021,
        2022,
        2023,
        2024,
        2025,
        2026,
        2027,
        2028,
        2029
    ]
}