{
    "times": [
        3.9763565070006734,
        4.300025254999127,
        4.193090075001237,
        3.6134370759991725,
        4.332388099999662,
        3.6443392830005905,
        4.023553654998977,
        3.757134768000469,
        3.603160482000021,
        4.134654051000325,
        4.391535388000193,
        4.149498800001311,
        4.455701244000011,
        4.045799089000866,
        4.148008326999843,
        4.361059963999651,
        4.160647153999889,
        4.519072330998824,
        4.426060770001641,
        4.320497343998795,
        4.198875370000678,
        4.051348925999264,
        4.288463227998363,
        4.322425354999723,
        4.322914168000352,
        4.607343084000604,
        3.638966710001114,
        3.68965644400123,
        4.0874556079998,
        3.8694065750005393
    ],
    "costs": [
        0.5879188373204756,
        0.5921245268528232,
        0.5851766690433357,
        0.590964071252652,
        0.5916693237319862,
        0.5859869162495001,
        0.5867243591822243,
        0.5986566353611591,
        0.5861921934200731,
        0.5864928294903184,
        0.5900997355764609,
        0.5861433833647272,
        0.5852390927650705,
        0.5871223827598816,
        0.5889326428081714,
        0.5820694250983566,
        0.5911315899125392,
        0.5874825099601262,
        0.6153125776863263,
        0.58767120239369,
        0.594094517244471,
        0.5878979304121427,
        0.5845655496822575,
        0.5868709146300369,
        0.5867316470038466,
        0.5870663686408883,
        0.5873837845917355,
        0.5857944346208576,
        0.5864507065178816,
        0.5860437344633904
    ],
    "results_gens": [
        50,
        54,
        53,
        46,
        55,
        46,
        51,
        47,
        45,
        52,
        55,
        52,
        56,
        51,
        51,
        54,
        50,
        55,
        55,
        53,
        45,
        49,
        53,
        54,
        54,
        58,
        45,
        46,
        51,
        49
    ],
    "seeds": [
        2000,
        2001,
        2002,
        2003,
        2004,
        2005,
        2006,
        2007,
        2008,
        2009,
        2010,
        2011,
        2012,
        2013,
        2014,
        2015,
        2016,
        2017,
        2018,
        2019,
        2020,
        2021,
        2022,
        2023,
        2024,
        2025,
        2026,
        2027,
        2028,
        2029
    ]
}