{
    "times": [
        4.593568722999407,
        4.717845167999258,
        5.007895577000454,
        4.722000183999626,
        6.212577667000005,
        4.794729238999935,
        4.7155264649991295,
        4.743751362000694,
        4.891136485999596,
        4.626026171999911,
        5.621651602999918,
        4.737171443999614,
        5.140039703999719,
        4.723672825999529,
        4.938686143999803,
        4.856657246000395,
        4.6658737729994755,
        4.069399641999553,
        9.784476602000723,
        5.394529629000317,
        4.7592832909995195,
        4.499912627999947,
        4.826983893000943,
        5.331689770999219,
        4.559103703000801,
        4.248954975000743,
        5.045148354000048,
        5.305351061999318,
        4.972663482998541,
        4.71616158300094
    ],
    "costs": [
        68.44143321431474,
        68.43649458853281,
        68.436954816166,
        68.441823112853,
        68.4382322552166,
        68.43913406399254,
        68.43599917417897,
        68.43798503269058,
        68.44049217290517,
        68.44006684410787,
        68.4409276251866,
        68.4419272377452,
        68.4435418802419,
        68.44218130052097,
        68.4387172975318,
        68.44067134889657,
        68.43642026696757,
        68.45246062811867,
        68.44102669245014,
        68.4379193678806,
        68.44031641921434,
        68.4397664939675,
        68.43589991316743,
        68.44035892495404,
        68.43717511688847,
        68.44103878888768,
        68.43662568750571,
        68.43857719827736,
        68.43699034259626,
        68.44120060285759
    ],
    "results_gens": [
        55,
        57,
        60,
        57,
        76,
        59,
        58,
        58,
        60,
        57,
        69,
        58,
        63,
        58,
        61,
        61,
        57,
        51,
        125,
        68,
        60,
        55,
        59,
        66,
        56,
        52,
        62,
        65,
        61,
        57
    ],
    "seeds": [
        2000,
        2001,
        2002,
        2003,
        2004,
        2005,
        2006,
        2007,
        2008,
        2009,
        2010,
        2011,
        2012,
        2013,
        2014,
        2015,
        2016,
        2017,
        2018,
        2019,
        2020,
        2021,
        2022,
        2023,
        2024,
        2025,
        2026,
        2027,
        2028,
        2029
    ]
}