{
    "times": [
        12.277369999999792,
        13.292977560999134,
        14.510290911000993,
        12.036318742999356,
        14.225773713998933,
        13.067212874000688,
        12.177541279001161,
        12.206186346000322,
        12.80756285300049,
        12.890138231001401,
        14.272800099999586,
        11.91715658800058,
        13.736857439000232,
        11.490463927999372,
        12.404043765998722,
        12.401575799000057,
        14.550289095999688,
        13.142394026999682,
        14.087269342000582,
        12.556174334999014,
        11.649091893999866,
        14.534047838000333,
        13.30361227100002,
        12.780244801999288,
        13.26305056899946,
        12.932252050999523,
        11.905056716999752,
        14.777858899999046,
        12.461078827000165,
        12.415108545001203
    ],
    "costs": [
        68.43933898325803,
        68.43884672340037,
        68.43571246710283,
        68.44685736374831,
        68.43520848560561,
        68.4402273901376,
        68.436424275467,
        68.4385262074883,
        68.4413306702283,
        68.4413766058434,
        68.43991809368318,
        68.44152184911128,
        68.43982097289292,
        68.43992701035006,
        68.43629183878785,
        68.43784370372435,
        68.4402816591762,
        68.44038651252286,
        68.43915533515103,
        68.44148567022773,
        68.43982346827654,
        68.44302912704953,
        68.44220180268098,
        68.44859162835549,
        68.43726743232357,
        68.4381793975719,
        68.43696129833822,
        68.43931278012822,
        68.44618461647643,
        68.4396347726217
    ],
    "results_gens": [
        54,
        57,
        62,
        51,
        61,
        56,
        52,
        52,
        55,
        56,
        62,
        51,
        59,
        49,
        53,
        53,
        62,
        56,
        59,
        53,
        50,
        62,
        57,
        54,
        57,
        54,
        51,
        62,
        53,
        53
    ],
    "seeds": [
        2000,
        2001,
        2002,
        2003,
        2004,
        2005,
        2006,
        2007,
        2008,
        2009,
        2010,
        2011,
        2012,
        2013,
        2014,
        2015,
        2016,
        2017,
        2018,
        2019,
        2020,
        2021,
        2022,
        2023,
        2024,
        2025,
        2026,
        2027,
        2028,
        2029
    ]
}