{
    "times": [
        4.382061010001053,
        4.3775869680030155,
        9.05977141800031,
        4.265254087997164,
        11.986573895999754,
        4.358254180999211,
        5.088393087000441,
        14.70741871700011,
        4.359114089998911,
        13.904216301001725
    ],
    "costs": [
        52904.5477388134,
        52904.5477388134,
        13609.543066138509,
        52904.5477388134,
        4812.836880945561,
        52904.5477388134,
        38473.62960124883,
        27700.59359153398,
        52904.5477388134,
        36406.081581754224
    ],
    "results_gens": [
        50,
        50,
        105,
        50,
        131,
        50,
        57,
        163,
        50,
        160
    ],
    "seeds": [
        2000,
        2001,
        2002,
        2003,
        2004,
        2005,
        2006,
        2007,
        2008,
        2009
    ]
}