{
    "times": [
        8.58238693700332,
        8.704549011999916,
        7.593645511002251,
        9.470233338997787,
        8.614962203999312,
        10.31291789199895,
        10.282126501002494,
        8.322574820998852,
        9.270133009002166,
        8.189220280000882,
        7.576968698998826,
        9.199738671002706,
        8.311621992001164,
        9.208133631000237,
        11.798379933003162,
        9.190539307001018,
        8.582716790999257,
        8.286854925998341,
        8.531242115997884,
        8.016054791001807,
        9.920648021001398,
        6.591722753000795,
        8.799900915000762,
        8.752510573001928,
        8.11787240600097,
        8.716542401998595,
        8.424569773997064,
        7.864400662001572,
        10.05179380300251,
        11.556628227001056
    ],
    "costs": [
        666.3902244241203,
        666.4781459670883,
        666.3978637733758,
        609.3562599380365,
        666.3929932268445,
        666.4158693495864,
        666.4016145675587,
        666.3949029502886,
        666.403213791685,
        666.4367357232954,
        666.4022438066903,
        666.4013302982369,
        666.4022513705496,
        666.4008983249029,
        666.3969225491076,
        666.3953525523431,
        666.3997843786437,
        666.3911259398747,
        666.3943768421294,
        666.3943733049069,
        666.3917597015461,
        666.3971806664681,
        666.3938917714466,
        666.3922937738917,
        666.4455003509473,
        666.3967078976729,
        666.4034854935044,
        666.4326335004582,
        666.4012149025216,
        561.7231533259081
    ],
    "results_gens": [
        97,
        99,
        84,
        114,
        98,
        116,
        117,
        95,
        106,
        95,
        88,
        107,
        96,
        107,
        137,
        107,
        99,
        96,
        98,
        93,
        115,
        76,
        102,
        102,
        92,
        98,
        97,
        92,
        115,
        138
    ],
    "seeds": [
        2000,
        2001,
        2002,
        2003,
        2004,
        2005,
        2006,
        2007,
        2008,
        2009,
        2010,
        2011,
        2012,
        2013,
        2014,
        2015,
        2016,
        2017,
        2018,
        2019,
        2020,
        2021,
        2022,
        2023,
        2024,
        2025,
        2026,
        2027,
        2028,
        2029
    ]
}