{
    "times": [
        4.2870250980013225,
        4.58187135299886,
        4.61294699499922,
        3.9299943080004596,
        4.643750589999399,
        3.9090532359987264,
        4.340540127002896,
        4.003513181000017,
        3.847285740001098,
        4.362359576000017,
        4.632050573000015,
        4.3555310720003035,
        4.769836461000523,
        4.299884732001374,
        4.2801671649976925,
        4.443706014997588,
        4.071830376997241,
        4.755363486998249,
        4.590204010997695,
        4.372772732996964,
        3.7949265360002755,
        4.196715866000886,
        4.551842870001565,
        4.466136311999435,
        4.426766772001429,
        4.88764013400214,
        3.8021032020005805,
        3.8545445010022377,
        4.248420586001885,
        4.05044877399996
    ],
    "costs": [
        0.5879808373204756,
        0.5921865268528232,
        0.5852386690433357,
        0.591026071252652,
        0.5917313237319862,
        0.5860489162495001,
        0.5867863591822243,
        0.5987186353611591,
        0.5862541934200731,
        0.5865548294903185,
        0.5901617355764609,
        0.5862053833647272,
        0.5853010927650705,
        0.5871843827598816,
        0.5889946428081714,
        0.5821314250983566,
        0.5911935899125392,
        0.5875445099601262,
        0.6153745776863263,
        0.58773320239369,
        0.594156517244471,
        0.5879599304121427,
        0.5846275496822575,
        0.5869329146300369,
        0.5867936470038466,
        0.5871283686408884,
        0.5874457845917355,
        0.5858564346208576,
        0.5865127065178816,
        0.5861057344633904
    ],
    "results_gens": [
        50,
        54,
        53,
        46,
        55,
        46,
        51,
        47,
        45,
        52,
        55,
        52,
        56,
        51,
        51,
        54,
        50,
        55,
        55,
        53,
        45,
        49,
        53,
        54,
        54,
        58,
        45,
        46,
        51,
        49
    ],
    "seeds": [
        2000,
        2001,
        2002,
        2003,
        2004,
        2005,
        2006,
        2007,
        2008,
        2009,
        2010,
        2011,
        2012,
        2013,
        2014,
        2015,
        2016,
        2017,
        2018,
        2019,
        2020,
        2021,
        2022,
        2023,
        2024,
        2025,
        2026,
        2027,
        2028,
        2029
    ]
}