{
    "times": [
        25.595576202998927,
        24.681315825000638,
        24.55542697200144,
        23.163174633999006,
        24.342615449000732,
        23.786798624998482,
        23.88245471799746,
        23.529143001000193,
        22.834434889002296,
        25.787097625998285,
        23.62766165300127,
        24.16888516399922,
        24.08096420199945,
        23.358490222999535,
        25.039838107000833,
        23.775061217998882,
        23.474241010000696,
        22.13953091700023,
        23.731047296001634,
        22.82879049999974,
        22.770757318001415,
        22.21319704399866,
        23.10200030499982,
        23.740872278998722,
        24.222417594002764,
        22.588819443997636,
        23.58705808800005,
        23.72170869800175,
        23.48194004099787,
        22.173990631999914
    ],
    "costs": [
        0.5809347667541861,
        0.5809400167683019,
        0.5809536670870092,
        0.580937526257468,
        0.5809638353087272,
        0.5809357256663186,
        0.5809531666432071,
        0.5809496948858434,
        0.5809314686970268,
        0.5809528383362491,
        0.5809487062653661,
        0.5809532688223793,
        0.5809636456013493,
        0.5809401747058947,
        0.580956137266561,
        0.5809441018346957,
        0.5809699081516341,
        0.5809351539909811,
        0.5809440164493342,
        0.5809332907838879,
        0.5809426434010913,
        0.5809243325307624,
        0.5809435521793701,
        0.580929763386497,
        0.5809442476400261,
        0.5809325578813204,
        0.5809602568544905,
        0.5809571069731825,
        0.5809260698863955,
        0.5809543337013175
    ],
    "results_gens": [
        76,
        75,
        76,
        72,
        76,
        74,
        74,
        73,
        71,
        81,
        74,
        75,
        73,
        71,
        76,
        73,
        74,
        70,
        75,
        71,
        72,
        70,
        73,
        75,
        75,
        71,
        72,
        73,
        74,
        70
    ],
    "seeds": [
        2000,
        2001,
        2002,
        2003,
        2004,
        2005,
        2006,
        2007,
        2008,
        2009,
        2010,
        2011,
        2012,
        2013,
        2014,
        2015,
        2016,
        2017,
        2018,
        2019,
        2020,
        2021,
        2022,
        2023,
        2024,
        2025,
        2026,
        2027,
        2028,
        2029
    ]
}