{
    "times": [
        26.722744573002274,
        22.122780944002443,
        23.725956042999314,
        24.79515148000064,
        29.421208448999096,
        29.73772245299915,
        23.227791167999385,
        23.927961149998737,
        29.039723732999846,
        31.7567749200025,
        19.913341466999555,
        28.76446104599745,
        27.67275631299708,
        23.928837446001125,
        24.85315530000298,
        29.757563385999674,
        23.943563542998163,
        26.217697826999938,
        28.776418952002132,
        34.82765619100246,
        31.67975253199984,
        20.930723511002725,
        31.066823909997765,
        26.825213849999272,
        20.44477670899869,
        22.642192310999235,
        28.911795260999497,
        32.50151794900012,
        27.554639270001644,
        28.02808897000068
    ],
    "costs": [
        6.405430873997635e-05,
        6.517910537302913e-05,
        6.717264920115639e-05,
        6.268886949811578e-05,
        6.422085093398989e-05,
        6.270241594165881e-05,
        6.328377699868768e-05,
        6.369467702679551e-05,
        6.555339568954056e-05,
        6.412113526859479e-05,
        6.889203249082908e-05,
        6.446682472818954e-05,
        6.643741635805233e-05,
        6.49451645963868e-05,
        6.241607747210701e-05,
        6.497748832490986e-05,
        6.452968697275729e-05,
        6.402843041907385e-05,
        6.552862886538973e-05,
        6.263936327457914e-05,
        6.399727983117402e-05,
        6.484499375414029e-05,
        6.268280281401562e-05,
        6.456554648935197e-05,
        6.271953879834655e-05,
        6.268451078221782e-05,
        6.507614392164068e-05,
        6.209833063214253e-05,
        6.2937100573013e-05,
        6.578560581588256e-05
    ],
    "results_gens": [
        80,
        68,
        70,
        75,
        88,
        90,
        69,
        68,
        78,
        91,
        60,
        88,
        83,
        70,
        74,
        88,
        72,
        78,
        86,
        104,
        88,
        60,
        94,
        79,
        58,
        67,
        85,
        95,
        81,
        85
    ],
    "seeds": [
        2000,
        2001,
        2002,
        2003,
        2004,
        2005,
        2006,
        2007,
        2008,
        2009,
        2010,
        2011,
        2012,
        2013,
        2014,
        2015,
        2016,
        2017,
        2018,
        2019,
        2020,
        2021,
        2022,
        2023,
        2024,
        2025,
        2026,
        2027,
        2028,
        2029
    ]
}