{
    "times": [
        3.9121229099982884,
        4.392671525001788,
        3.9296394779994444,
        3.472594143000606,
        5.346549400001095,
        4.34698407399992,
        5.828150466997613,
        4.613604715999827,
        5.565925224997045,
        3.325671065998904,
        3.795166304000304,
        4.906354426002508,
        4.725378916999034,
        3.6040515880013118,
        3.994650934000674,
        4.342386067000916,
        3.3893391669989796,
        4.17858880499989,
        3.2897376410001016,
        4.167488572998991,
        3.2860368180008663,
        3.2083405330013193,
        4.169739576998836,
        4.561208495000756,
        3.972464917002071,
        3.295372361997579,
        5.160526032999769,
        5.162697403000493,
        3.7124463010004547,
        3.1948560070013627
    ],
    "costs": [
        0.00023267022241560918,
        0.0006220547121852976,
        0.0014298829102682609,
        0.0011754829184593503,
        0.0001140980497159416,
        0.001016922380091497,
        7.657387147389876e-05,
        0.00039315538975626964,
        0.0005415826871227748,
        0.00016049100598557298,
        0.0018136115361921544,
        0.0015301233274513954,
        0.0016033088611066538,
        0.0008876895323392889,
        0.00017832180020476896,
        0.0016254122113462186,
        0.0014079647894324684,
        7.328421293215155e-05,
        0.0012516281284185391,
        0.0006047855952049662,
        0.002461647516604818,
        0.0007831408772981767,
        0.00022097606193250975,
        0.0002879319708893083,
        0.00021755355878416395,
        0.0006279166595596884,
        0.0019119091318230087,
        0.0016815961073355357,
        0.001317325222782978,
        0.0002994254944190752
    ],
    "results_gens": [
        48,
        54,
        49,
        43,
        66,
        53,
        71,
        57,
        68,
        41,
        47,
        61,
        59,
        45,
        50,
        54,
        42,
        52,
        41,
        52,
        41,
        40,
        52,
        57,
        50,
        41,
        64,
        64,
        46,
        40
    ],
    "seeds": [
        2000,
        2001,
        2002,
        2003,
        2004,
        2005,
        2006,
        2007,
        2008,
        2009,
        2010,
        2011,
        2012,
        2013,
        2014,
        2015,
        2016,
        2017,
        2018,
        2019,
        2020,
        2021,
        2022,
        2023,
        2024,
        2025,
        2026,
        2027,
        2028,
        2029
    ]
}