{
    "times": [
        57.485159936000855,
        50.984742157001165,
        56.63858483999502,
        49.643665307994524,
        51.654698746002396,
        49.347342028006096,
        50.584078750995104,
        47.68773076499929,
        49.141083184003946,
        48.80401365800208,
        49.80719288299588,
        46.13803002199711,
        47.071029385995644,
        49.995926896997844,
        47.75927111999772,
        49.28654881699913,
        54.815276476998406,
        58.70486361199437,
        49.90799470699858,
        51.86455493199901,
        49.397784357999626,
        47.69905037400167,
        56.3045712230014,
        51.58242625699495,
        53.85711272000481,
        47.046771711000474,
        47.96057757500239,
        49.4318670940047,
        46.32861553999828,
        52.38524320899887
    ],
    "costs": [
        666.3827266475847,
        666.3827677994602,
        666.3827440990736,
        666.3827964849797,
        666.3827231580294,
        666.3827118213178,
        666.3827578701537,
        666.3827092862225,
        666.3827614788918,
        666.3827564175447,
        666.3827849569002,
        666.3827728085778,
        666.3826810143421,
        666.3827192358208,
        666.382707764744,
        666.3827242937641,
        666.3827422047115,
        561.7176781594557,
        666.3828427565048,
        666.3827428396911,
        666.382759404746,
        666.3827805932425,
        666.382733318671,
        666.3827218875477,
        666.3827505670324,
        666.38273688772,
        666.3828470383626,
        666.3827688543147,
        666.3827797638648,
        666.382793722719
    ],
    "results_gens": [
        161,
        148,
        157,
        141,
        149,
        145,
        143,
        138,
        143,
        143,
        146,
        135,
        138,
        147,
        140,
        141,
        153,
        169,
        140,
        147,
        139,
        137,
        158,
        143,
        154,
        137,
        135,
        141,
        133,
        147
    ],
    "seeds": [
        2000,
        2001,
        2002,
        2003,
        2004,
        2005,
        2006,
        2007,
        2008,
        2009,
        2010,
        2011,
        2012,
        2013,
        2014,
        2015,
        2016,
        2017,
        2018,
        2019,
        2020,
        2021,
        2022,
        2023,
        2024,
        2025,
        2026,
        2027,
        2028,
        2029
    ]
}