{
    "times": [
        7.7051812059980875,
        8.935204092002095,
        10.305243522001547,
        10.111144325997884,
        8.832051140001568,
        9.399530569997296,
        8.018362056001934,
        10.918437955002446,
        8.117965751000156,
        7.871311638999032
    ],
    "costs": [
        68.4344590353101,
        68.43493184622352,
        68.43448359311475,
        68.43433127050548,
        68.43700796680058,
        68.43431759285373,
        68.43548122583903,
        68.442497470943,
        68.43538313888781,
        68.43571535713771
    ],
    "results_gens": [
        88,
        93,
        103,
        96,
        96,
        97,
        85,
        104,
        84,
        90
    ],
    "seeds": [
        2000,
        2001,
        2002,
        2003,
        2004,
        2005,
        2006,
        2007,
        2008,
        2009
    ]
}