{
    "times": [
        6.642894704000355,
        9.996481952999602,
        9.967692153000826,
        6.477702236999903,
        14.41838196000026,
        9.599460017998354,
        10.46420506800132,
        6.829566321997845,
        14.490154776001873,
        13.230410415999359
    ],
    "costs": [
        69.56696715068922,
        69.81454929150279,
        68.72720992748424,
        74.22222567055833,
        3611.2009033633763,
        70.23246593448529,
        69.79348318785405,
        71.77693347204773,
        69.19345707400096,
        87.84682877176368
    ],
    "results_gens": [
        78,
        113,
        109,
        70,
        167,
        107,
        116,
        75,
        163,
        152
    ],
    "seeds": [
        2000,
        2001,
        2002,
        2003,
        2004,
        2005,
        2006,
        2007,
        2008,
        2009
    ]
}