{
    "times": [
        4.456013926999731,
        4.682159127998602,
        5.140535964999799,
        4.239061494999987,
        4.988057740998556,
        4.594647317999261,
        4.244806058999529,
        4.260073356001158,
        4.517002075999699,
        4.587895489999937,
        5.045950354000524,
        4.171881009000572,
        4.80731119200027,
        4.010207220000666,
        4.3511236980011745,
        4.359889982000823,
        5.302704525000081,
        4.568575920000512,
        4.777659289999065,
        4.352821848999156,
        4.03747109699907,
        5.002692879999813,
        4.587963802001468,
        4.425076509000064,
        4.7462376759995095,
        4.369065685999885,
        4.206494290998307,
        5.060887190000358,
        4.331022247999499,
        4.340449499000897
    ],
    "costs": [
        68.43933898325803,
        68.43884672340037,
        68.43571246710283,
        68.44685736374831,
        68.43520848560561,
        68.4402273901376,
        68.436424275467,
        68.4385262074883,
        68.4413306702283,
        68.4413766058434,
        68.43991809368318,
        68.44152184911128,
        68.43982097289292,
        68.43992701035006,
        68.43629183878785,
        68.43784370372435,
        68.4402816591762,
        68.44038651252286,
        68.43915533515103,
        68.44148567022773,
        68.43982346827654,
        68.44302912704953,
        68.44220180268098,
        68.44859162835549,
        68.43726743232357,
        68.4381793975719,
        68.43696129833822,
        68.43931278012822,
        68.44618461647643,
        68.4396347726217
    ],
    "results_gens": [
        54,
        57,
        62,
        51,
        61,
        56,
        52,
        52,
        55,
        56,
        62,
        51,
        59,
        49,
        53,
        53,
        62,
        56,
        59,
        53,
        50,
        62,
        57,
        54,
        57,
        54,
        51,
        62,
        53,
        53
    ],
    "seeds": [
        2000,
        2001,
        2002,
        2003,
        2004,
        2005,
        2006,
        2007,
        2008,
        2009,
        2010,
        2011,
        2012,
        2013,
        2014,
        2015,
        2016,
        2017,
        2018,
        2019,
        2020,
        2021,
        2022,
        2023,
        2024,
        2025,
        2026,
        2027,
        2028,
        2029
    ]
}