{
  "data": "{\"cam_configs\":[{\"amount\":1,\"name\":\"ARRI ALEXA 265 5.1K 1.65:1\",\"pixels\":[5120,3100],\"vfov\":40.15}],\"faces\":[[[4.320067888482462,0.20703368782832832,3.716043351018164],[4.096433048629512,0.2059052431749382,5.3215276718796565],[4.1315001071190425,2.334402403311326,5.333298168030135],[4.3528990316138625,2.3823986676166795,3.7496699281210577]]],\"job_id\":\"7f54881d-7361-4427-8753-ba64106abda4\",\"model_id\":\"6813a912-e364-4190-9041-e3a772dd6844\",\"project_id\":\"2f310ec5-bd86-4230-8051-4e60346d56ae\",\"scale\":1}"
}
